<?xml version="1.0" encoding="UTF-8"?>
<project-private xmlns="http://www.netbeans.org/ns/project-private/1">
    <editor-bookmarks xmlns="http://www.netbeans.org/ns/editor-bookmarks/2" lastBookmarkId="0"/>
    <open-files xmlns="http://www.netbeans.org/ns/projectui-open-files/2">
        <group>
            <file>file:/C:/Users/asus/Documents/NetBeansProjects/pet_take_care/src/pet_take_care/start_page.java</file>
            <file>file:/C:/Users/asus/Documents/NetBeansProjects/pet_take_care/src/pet_take_care/forget_password.java</file>
        </group>
    </open-files>
</project-private>
